{
  "openapi": "3.0.0",
  "info": {
    "title": "Portfolio API",
    "description": "API for managing portfolio projects and user profile",
    "version": "1.0.0"
  },
  "servers": [
    {
      "url": "/api",
      "description": "server"
    }
  ],
  "paths": {
    "/user/profile": {
      "get": {
        "summary": "Get user profile",
        "description": "Retrieves the current user's profile information",
        "responses": {
          "200": {
            "description": "User profile retrieved successfully",
            "content": {
              "application/json": {
                "schema": {
                  "$ref": "#/components/schemas/UserProfile"
                }
              }
            }
          }
        }
      }
    },
    "/projects/{userId}": {
      "get": {
        "summary": "Get user projects",
        "description": "Retrieves all projects for a specific user",
        "parameters": [
          {
            "name": "userId",
            "in": "path",
            "required": true,
            "schema": {
              "type": "integer"
            },
            "description": "ID of the user whose projects to retrieve"
          }
        ],
        "responses": {
          "200": {
            "description": "Projects retrieved successfully",
            "content": {
              "application/json": {
                "schema": {
                  "type": "array",
                  "items": {
                    "$ref": "#/components/schemas/Project"
                  }
                }
              }
            }
          }
        }
      }
    },
    "/project/{id}": {
      "get": {
        "summary": "Get project by ID",
        "description": "Retrieves a specific project by its ID",
        "parameters": [
          {
            "name": "id",
            "in": "path",
            "required": true,
            "schema": {
              "type": "integer"
            },
            "description": "ID of the project to retrieve"
          }
        ],
        "responses": {
          "200": {
            "description": "Project retrieved successfully",
            "content": {
              "application/json": {
                "schema": {
                  "$ref": "#/components/schemas/Project"
                }
              }
            }
          },
          "404": {
            "description": "Project not found",
            "content": {
              "application/json": {
                "schema": {
                  "$ref": "#/components/schemas/Error"
                }
              }
            }
          }
        }
      }
    }
  },
  "components": {
    "schemas": {
      "UserProfile": {
        "type": "object",
        "properties": {
          "id": {
            "type": "integer",
            "example": 1
          },
          "name": {
            "type": "string",
            "example": "John Doe"
          }
        }
      },
      "Project": {
        "type": "object",
        "properties": {
          "id": {
            "type": "integer",
            "example": 1
          },
          "userId": {
            "type": "integer",
            "example": 1
          },
          "title": {
            "type": "string",
            "example": "Project 1"
          },
          "description": {
            "type": "string",
            "example": "A responsive web application"
          },
          "technologies": {
            "type": "array",
            "items": {
              "type": "string"
            },
            "example": ["JavaScript", "HTML", "CSS"]
          }
        }
      },
      "Error": {
        "type": "object",
        "properties": {
          "error": {
            "type": "string",
            "example": "Project not found"
          }
        }
      }
    }
  }
}